feature,avg_info_gain
TRB_per36,0.6399
PTS_per36,0.511185046728972
TOV_per36,0.47854114583333335
BLK_per36,0.4668339393939394
FG%,0.4640463235294117
FT%,0.46026450216450215
3P%,0.4452238095238095
PF_per36,0.42981216216216217
STL_per36,0.41657999999999995
AST_per36,0.19165000000000001
