feature,avg_info_gain
BPG,0.454491061452514
FPG,0.43177971014492755
SPG,0.425760752688172
FT%,0.4088242424242425
APG,0.4071929577464789
TOPG,0.37374837962962965
FG%,0.3736746575342466
PPG,0.37041542553191487
RPG,0.34009361702127666
3P%,0.2725
