Cluster_2,C,PF,PG,SF,SG
0,22.3,21.8,17.2,19.400000000000002,19.400000000000002
1,17.0,19.8,23.200000000000003,19.900000000000002,20.1
