K,Inertia,Silhouette
2,84245.38085603704,0.24417608573205837
3,67461.2114059835,0.24381018745065705
4,58118.9419172884,0.2231182879171201
5,53675.83148233383,0.18522334214833358
6,50027.589351482005,0.19448817598699233
7,47049.14207497854,0.1774489500282058
8,44740.15243687255,0.16483638783479712
9,42532.53166469721,0.1622341002678788
10,40767.5560539366,0.16331417079210597
