,precision,recall,f1-score,support
Big,0.8504842615012107,0.8187645687645687,0.8343230403800475,1716.0
Wing,0.67982924226254,0.7854500616522812,0.7288329519450801,811.0
PG,0.70828025477707,0.6813725490196079,0.6945658963148033,1632.0
accuracy,0.7583553738879538,0.7583553738879538,0.7583553738879538,0.7583553738879538
macro avg,0.7461979195136069,0.7618623931454859,0.7525739628799769,4159.0
weighted avg,0.7614055984628939,0.7583553738879538,0.7589116143557056,4159.0
