,Big,Wing,PG
Big,81.87645687645687,0.8158508158508158,17.307692307692307
Wing,1.6029593094944512,78.54500616522812,19.852034525277436
PG,14.338235294117647,17.524509803921568,68.13725490196079
