,PTS_per36,TRB_per36,AST_per36,STL_per36,BLK_per36,TOV_per36,PF_per36,3PAr,FTr
0,-0.5385368836297398,0.6586658391953432,-0.6432901192145035,-0.36123648475701753,0.14457086135650796,-0.46898655968773173,0.5808685877335664,-0.6385043982766866,-0.03932348703085368
1,1.2339686736658475,0.1328168175539486,-0.06273771692438947,0.00985877424256501,-0.1014020628543863,0.5642689548419072,-0.3564830311774757,-0.3981853927626803,0.3169927186765538
2,-0.027154353767388603,-0.913331409785114,1.5232738544064635,0.9855491482036272,-0.6477276494811116,0.8619119672102906,-0.39809989757569425,0.15111391329868454,-0.15496367045444662
3,-0.17846898710688236,-0.6695233879715194,-0.14322793288426824,-0.1371704424395893,-0.4983701065461212,-0.735529781036758,-0.5596455766442711,1.2419158715908294,-0.749020791081161
4,-0.4037822637208625,1.2207438958827612,-0.7961802386617652,-0.591966583868335,1.6768650535223122,0.06395851425624544,1.0657921098123542,-0.817213255122212,1.1607367548982686
