,PTS_per36,TRB_per36,AST_per36,STL_per36,BLK_per36,TOV_per36,PF_per36,3PAr,FTr
0,-0.19152243871058836,0.9306204286874815,-0.6514496559455673,-0.4599790957183506,0.7196976559274771,-0.08142404003997235,0.6498595266821754,-0.7132003981812065,0.49987556521744897
1,0.1403847722837504,-0.6821390634092598,0.4775086001408033,0.3371618544670086,-0.5275339653188216,0.05968332168486716,-0.47634304514867876,0.5227715152616903,-0.3664057217823164
