C2,C,PF,PG,SF,SG
0,46.0,40.400000000000006,0.1,12.0,1.5
1,0.8,6.6000000000000005,34.0,25.3,33.4
