,precision,recall,f1-score,support
Big,0.8717632552404438,0.8712261244608749,0.8714946070878274,1623.0
Wing,0.7946635730858469,0.8748403575989783,0.8328267477203647,783.0
PG,0.7957276368491322,0.7563451776649747,0.7755367599219258,1576.0
accuracy,0.8264691109994977,0.8264691109994977,0.8264691109994977,0.8264691109994977
macro avg,0.8207181550584742,0.834137219908276,0.826619371576706,3982.0
weighted avg,0.8265093160863111,0.8264691109994977,0.8259128639893383,3982.0
