п»їжЊ‡ж ‡,ж— Age,еђ«Age
Accuracy,0.5373887953835057,0.5373887953835057
Macro_F1,0.5318424306027552,0.5321559717622639
Weighted_F1,0.5306073841858541,0.5310376310902003
